polygonName,roomName,countPoint,points
UID160b20,Poly 4,4,1319.36- 2171.8399999999997- 1651.9999999999998- 2170.3999999999996- 1651.9999999999998- 2317.2799999999997- 1323.6799999999998- 2320.16
UID3fc31f,Poly 1,17,1522.3999999999996- 2716.159999999999- 1569.9199999999998- 2734.8799999999997- 1623.1999999999998- 2785.2799999999997- 1649.1199999999997- 2852.9599999999996- 1643.3599999999997- 2927.8399999999997- 1611.6799999999998- 2979.6799999999994- 1568.4799999999998- 3019.9999999999995- 1522.3999999999996- 3035.8399999999997- 1473.4399999999998- 3041.5999999999995- 1411.52- 3022.8799999999997- 1369.76- 2991.1999999999994- 1336.6399999999999- 2945.1199999999994- 1322.24- 2884.6399999999994- 1335.1999999999998- 2821.2799999999997- 1369.76- 2760.7999999999997- 1433.12- 2720.4799999999996- 1484.9599999999998- 2708.9599999999996
UIDb54c31,Poly 5,4,1323.6799999999998- 1964.4799999999998- 1650.5599999999997- 1961.5999999999997- 1654.8799999999997- 2111.3599999999997- 1322.24- 2111.3599999999997
UIDacb860,Poly 3,4,1325.12- 3925.7599999999993- 1867.9999999999998- 3922.8799999999997- 1866.5599999999997- 4290.079999999999- 1320.8- 4285.759999999999
UID8be9fa,Poly 2,8,2557.7599999999998- 3384.3199999999997- 2612.4799999999996- 3384.3199999999997- 2615.3599999999997- 3430.3999999999996- 2727.679999999999- 3431.8399999999997- 2729.1199999999994- 3499.5199999999995- 2616.7999999999997- 3500.9599999999996- 2618.24- 3738.5599999999995- 2556.3199999999997- 3735.6799999999994
